<?xml version="1.0" encoding="UTF-8"?>

<mule xmlns:json="http://www.mulesoft.org/schema/mule/json" xmlns:http="http://www.mulesoft.org/schema/mule/http" xmlns="http://www.mulesoft.org/schema/mule/core" xmlns:doc="http://www.mulesoft.org/schema/mule/documentation"
	xmlns:spring="http://www.springframework.org/schema/beans" 
	xmlns:xsi="http://www.w3.org/2001/XMLSchema-instance"
	xsi:schemaLocation="http://www.springframework.org/schema/beans http://www.springframework.org/schema/beans/spring-beans-current.xsd
http://www.mulesoft.org/schema/mule/core http://www.mulesoft.org/schema/mule/core/current/mule.xsd
http://www.mulesoft.org/schema/mule/http http://www.mulesoft.org/schema/mule/http/current/mule-http.xsd
http://www.mulesoft.org/schema/mule/json http://www.mulesoft.org/schema/mule/json/current/mule-json.xsd">
    <http:listener-config name="HTTP_Listener" host="0.0.0.0" port="8081" doc:name="HTTP Listener Configuration"/>
    <flow name="individualsPaymentOverview">
        <http:listener config-ref="HTTP_Listener" path="/someurl/v1.0/members/*/" doc:name="HTTP"/>
        <set-payload value="{&quot;member&quot;: {&quot;premium&quot;: [{&quot;aptc&quot;: null, &quot;account_number&quot;: &quot;EPP001&quot;, &quot;last_adjustment_amount&quot;: null, &quot;last_adjustment_date&quot;: null, &quot;last_check_amount&quot;: &quot;-47.60&quot;, &quot;last_check_date&quot;: &quot;2017-08-28&quot;, &quot;last_check_number&quot;: &quot;0000000000&quot;, &quot;last_invoice_amount&quot;: &quot;95.20&quot;, &quot;last_invoice_date&quot;: &quot;2017-10-01&quot;, &quot;paid_through_date&quot;: &quot;2017-09-30&quot;, &quot;subsidy_amount&quot;: 0, &quot;subsidy_change_amount&quot;: null, &quot;past_due&quot;: 0, &quot;total_due&quot;: 610.60, &quot;premium&quot;: [{&quot;monthlyPremium&quot;:100.10, &quot;dueDate&quot;:&quot;2017-10-05&quot;}, {&quot;monthlyPremium&quot;:300.30, &quot;dueDate&quot;:&quot;2017-11-01&quot;} ] } ], &quot;PersonName&quot;: {&quot;Title&quot;: &quot;&quot;, &quot;LastName&quot;: &quot;DALEY&quot;, &quot;FirstName&quot;: &quot;TREVAUGHN&quot;, &quot;Middle_Name_HF&quot;: &quot;&quot;, &quot;ExpiryDate&quot;: &quot;2799-99-99&quot;, &quot;Status&quot;: &quot;active&quot;, &quot;HIXMemberID&quot;: null, &quot;SSN&quot;: &quot;111111111&quot;, &quot;DOB&quot;: &quot;1959-09-02&quot;}, &quot;GroupDetail&quot;: {&quot;GroupName&quot;: &quot;EP PLAN1 150.1-200 PLUS D&amp;V&quot;, &quot;GroupNumber&quot;: &quot;EPP001&quot;}, &quot;Company_HF&quot;: &quot;42&quot;, &quot;LOB_HF&quot;: &quot;EPA&quot;}, &quot;TransactionStatus&quot;: [] }" doc:name="Payments OverView"/>
        <json:object-to-json-transformer doc:name="Object to JSON"/>
    </flow>
    <flow name="SmallGroupsPaymentOverview">
        <http:listener config-ref="HTTP_Listener" path="/someurl/v1.0/groups/*" doc:name="HTTP"/>
        <set-payload  doc:name="Payments OverView" value="{&quot;member&quot;: {&quot;premium&quot;: [{&quot;aptc&quot;: null, &quot;account_number&quot;: &quot;EPP001&quot;, &quot;last_adjustment_amount&quot;: null, &quot;last_adjustment_date&quot;: null, &quot;last_check_amount&quot;: &quot;-47.60&quot;, &quot;last_check_date&quot;: &quot;2017-08-28&quot;, &quot;last_check_number&quot;: &quot;0000000000&quot;, &quot;last_invoice_amount&quot;: &quot;95.20&quot;, &quot;last_invoice_date&quot;: &quot;2017-10-01&quot;, &quot;paid_through_date&quot;: &quot;2017-09-30&quot;, &quot;subsidy_amount&quot;: 0, &quot;subsidy_change_amount&quot;: null, &quot;past_due&quot;: 0, &quot;total_due&quot;: 610.60, &quot;premium&quot;: [{&quot;monthlyPremium&quot;:100.10, &quot;dueDate&quot;:&quot;2017-10-05&quot;}, {&quot;monthlyPremium&quot;:300.30, &quot;dueDate&quot;:&quot;2017-11-01&quot;} ] } ], &quot;PersonName&quot;: {&quot;Title&quot;: &quot;&quot;, &quot;LastName&quot;: &quot;Daley&quot;, &quot;FirstName&quot;: &quot;Trevaughn&quot;, &quot;Middle_Name_HF&quot;: &quot;&quot;, &quot;ExpiryDate&quot;: &quot;2799-99-99&quot;, &quot;Status&quot;: &quot;active&quot;, &quot;HIXMemberID&quot;: null, &quot;SSN&quot;: &quot;000000000&quot;, &quot;DOB&quot;: &quot;1959-09-02&quot;}, &quot;GroupDetail&quot;: {&quot;GroupName&quot;: &quot;EP PLAN1 150.1-200 PLUS D&amp;V&quot;, &quot;GroupNumber&quot;: &quot;EPP001&quot;}, &quot;Company_HF&quot;: &quot;42&quot;, &quot;LOB_HF&quot;: &quot;EPA&quot;}, &quot;TransactionStatus&quot;: [] }"/>
        <json:object-to-json-transformer doc:name="Object to JSON"/>
    </flow>
    <flow name="individualsPaymentHistory">
        <http:listener config-ref="HTTP_Listener" path="/someurl/v1.0/member/*/payments" doc:name="HTTP"/>
        <set-payload  doc:name="Payments OverView" value="{&quot;member&quot;: {&quot;payment&quot;: [{&quot;account_number&quot;: &quot;420000000000000&quot;, &quot;adjustment&quot;: null, &quot;amount_due&quot;: null, &quot;description&quot;: &quot;&quot;, &quot;discount_amt&quot;: &quot;&quot;, &quot;due_date&quot;: &quot;&quot;, &quot;invoice_reference_no&quot;: &quot;ACH&quot;, &quot;paid_through_date&quot;: &quot;&quot;, &quot;payment_method&quot;: null, &quot;payment_received_date&quot;: &quot;2017-10-18&quot;, &quot;posted_date&quot;: &quot;2017-10-18&quot;, &quot;transaction_amount&quot;: -95.200000000000003, &quot;transaction_date&quot;: &quot;2017-10-18&quot;, &quot;transaction_status&quot;: &quot;Posted&quot;, &quot;transaction_type&quot;: &quot;Payment&quot;, &quot;company_number&quot;: &quot;42&quot;, &quot;check_number&quot;: &quot;3100044538&quot;, &quot;payment_id&quot;: &quot;1~170014855&quot;}, {&quot;account_number&quot;: &quot;420000000000000&quot;, &quot;adjustment&quot;: null, &quot;amount_due&quot;: null, &quot;description&quot;: &quot;&quot;, &quot;discount_amt&quot;: &quot;&quot;, &quot;due_date&quot;: &quot;&quot;, &quot;invoice_reference_no&quot;: &quot;ECheck&quot;, &quot;paid_through_date&quot;: &quot;&quot;, &quot;payment_method&quot;: null, &quot;payment_received_date&quot;: &quot;2015-12-07&quot;, &quot;posted_date&quot;: &quot;2015-12-07&quot;, &quot;transaction_amount&quot;: -46.560000000000002, &quot;transaction_date&quot;: &quot;2015-12-07&quot;, &quot;transaction_status&quot;: &quot;Posted&quot;, &quot;transaction_type&quot;: &quot;Payment&quot;, &quot;company_number&quot;: &quot;42&quot;, &quot;check_number&quot;: &quot;1&quot;, &quot;payment_id&quot;: &quot;614~150019008&quot;}, {&quot;account_number&quot;: &quot;420000000000000&quot;, &quot;adjustment&quot;: null, &quot;amount_due&quot;: 46.560000000000002, &quot;description&quot;: &quot;&quot;, &quot;discount_amt&quot;: &quot;&quot;, &quot;due_date&quot;: &quot;2016-01-01&quot;, &quot;invoice_reference_no&quot;: &quot;PREM 1601&quot;, &quot;paid_through_date&quot;: &quot;2016-01-31&quot;, &quot;payment_method&quot;: null, &quot;payment_received_date&quot;: &quot;2015-11-18&quot;, &quot;posted_date&quot;: &quot;&quot;, &quot;transaction_amount&quot;: 46.560000000000002, &quot;transaction_date&quot;: &quot;2015-11-18&quot;, &quot;transaction_status&quot;: &quot;Posted&quot;, &quot;transaction_type&quot;: &quot;Invoice&quot;, &quot;company_number&quot;: &quot;42&quot;, &quot;check_number&quot;: &quot;0&quot;, &quot;payment_id&quot;: &quot;249~150017714&quot;}] } }"/>
        <json:object-to-json-transformer doc:name="Object to JSON"/>
    </flow>
    <flow name="SmallGroupsPaymentHistory">
        <http:listener config-ref="HTTP_Listener" path="/someurl/v1.0/groups/*/payments" doc:name="HTTP"/>
        <set-payload  doc:name="Payments OverView" value="{&quot;member&quot;: {&quot;payment&quot;: [{&quot;account_number&quot;: &quot;420000000000000&quot;, &quot;adjustment&quot;: null, &quot;amount_due&quot;: null, &quot;description&quot;: &quot;&quot;, &quot;discount_amt&quot;: &quot;&quot;, &quot;due_date&quot;: &quot;&quot;, &quot;invoice_reference_no&quot;: &quot;ACH&quot;, &quot;paid_through_date&quot;: &quot;&quot;, &quot;payment_method&quot;: null, &quot;payment_received_date&quot;: &quot;2017-10-18&quot;, &quot;posted_date&quot;: &quot;2017-10-18&quot;, &quot;transaction_amount&quot;: -95.200000000000003, &quot;transaction_date&quot;: &quot;2017-10-18&quot;, &quot;transaction_status&quot;: &quot;Posted&quot;, &quot;transaction_type&quot;: &quot;Payment&quot;, &quot;company_number&quot;: &quot;42&quot;, &quot;check_number&quot;: &quot;3100044538&quot;, &quot;payment_id&quot;: &quot;1~170014855&quot;}, {&quot;account_number&quot;: &quot;420000000000000&quot;, &quot;adjustment&quot;: null, &quot;amount_due&quot;: null, &quot;description&quot;: &quot;&quot;, &quot;discount_amt&quot;: &quot;&quot;, &quot;due_date&quot;: &quot;&quot;, &quot;invoice_reference_no&quot;: &quot;ECheck&quot;, &quot;paid_through_date&quot;: &quot;&quot;, &quot;payment_method&quot;: null, &quot;payment_received_date&quot;: &quot;2015-12-07&quot;, &quot;posted_date&quot;: &quot;2015-12-07&quot;, &quot;transaction_amount&quot;: -46.560000000000002, &quot;transaction_date&quot;: &quot;2015-12-07&quot;, &quot;transaction_status&quot;: &quot;Posted&quot;, &quot;transaction_type&quot;: &quot;Payment&quot;, &quot;company_number&quot;: &quot;42&quot;, &quot;check_number&quot;: &quot;1&quot;, &quot;payment_id&quot;: &quot;614~150019008&quot;}, {&quot;account_number&quot;: &quot;420000000000000&quot;, &quot;adjustment&quot;: null, &quot;amount_due&quot;: 46.560000000000002, &quot;description&quot;: &quot;&quot;, &quot;discount_amt&quot;: &quot;&quot;, &quot;due_date&quot;: &quot;2016-01-01&quot;, &quot;invoice_reference_no&quot;: &quot;PREM 1601&quot;, &quot;paid_through_date&quot;: &quot;2016-01-31&quot;, &quot;payment_method&quot;: null, &quot;payment_received_date&quot;: &quot;2015-11-18&quot;, &quot;posted_date&quot;: &quot;&quot;, &quot;transaction_amount&quot;: 46.560000000000002, &quot;transaction_date&quot;: &quot;2015-11-18&quot;, &quot;transaction_status&quot;: &quot;Posted&quot;, &quot;transaction_type&quot;: &quot;Invoice&quot;, &quot;company_number&quot;: &quot;42&quot;, &quot;check_number&quot;: &quot;0&quot;, &quot;payment_id&quot;: &quot;249~150017714&quot;}] } }"/>
        <json:object-to-json-transformer doc:name="Object to JSON"/>
    </flow>
    <flow name="invoiceHistory">
        <http:listener config-ref="HTTP_Listener" path="/someurl/v1.1/documents" doc:name="HTTP"/>
        <set-payload  doc:name="Payments OverView" value="{&quot;errorCode&quot;: &quot;1000&quot;, &quot;errorText&quot;: &quot;NO CONTENT RETURNED FOR THE INPUT&quot;, &quot;errorMessage&quot;: &quot;NO CONTENT RETURNED&quot;}"/>
        <json:object-to-json-transformer doc:name="Object to JSON"/>
    </flow>
</mule>
